-- Insert categories
INSERT INTO categories (categories_id, categories_name, description, created_at) VALUES
    (3, 'Clothing', 'Men and Women Clothing', CURRENT_TIMESTAMP),
    (4, 'Footwear', 'Shoes and Sandals', CURRENT_TIMESTAMP),
    (5, 'Books', 'Educational and Non-fiction', CURRENT_TIMESTAMP),
    (6, 'Toys', 'Children Toys', CURRENT_TIMESTAMP),
    (7, 'Stationery', 'Office and School Supplies', CURRENT_TIMESTAMP),
    (8, 'Kitchen', 'Kitchen Appliances', CURRENT_TIMESTAMP),
    (9, 'Mobile', 'Smartphones and Accessories', CURRENT_TIMESTAMP),
    (10, 'Groceries', 'Daily Essentials', CURRENT_TIMESTAMP),
    (11, 'Fitness', 'Fitness and Gym Equipment', CURRENT_TIMESTAMP),
    (12, 'Beauty', 'Beauty and Personal Care', CURRENT_TIMESTAMP),
    (13, 'Jewellery', 'Ornaments and Accessories', CURRENT_TIMESTAMP),
    (14, 'Gardening', 'Garden Tools and Plants', CURRENT_TIMESTAMP),
    (15, 'Automotive', 'Car and Bike Accessories', CURRENT_TIMESTAMP),
    (16, 'Music', 'Instruments and Equipment', CURRENT_TIMESTAMP),
    (17, 'Pets', 'Pet Food and Accessories', CURRENT_TIMESTAMP),
    (18, 'Lighting', 'Bulbs and Fixtures', CURRENT_TIMESTAMP),
    (19, 'Bags', 'Backpacks and Travel Bags', CURRENT_TIMESTAMP),
    (20, 'Gaming', 'Consoles and Accessories', CURRENT_TIMESTAMP);


-- Insert users
INSERT INTO users (user_id, username, full_name, password, role, created_at) VALUES
    (3, 'alice', 'Alice Johnson', 'alice123', 'STAFF', CURRENT_TIMESTAMP),
    (4, 'bob', 'Bob Smith', 'bob123', 'SUPPORT', CURRENT_TIMESTAMP),
    (5, 'carol', 'Carol White', 'carol123', 'MANAGER', CURRENT_TIMESTAMP),
    (6, 'david', 'David Brown', 'david123', 'STAFF', CURRENT_TIMESTAMP),
    (7, 'emma', 'Emma Wilson', 'emma123', 'STAFF', CURRENT_TIMESTAMP),
    (8, 'frank', 'Frank Thomas', 'frank123', 'ADMIN', CURRENT_TIMESTAMP),
    (9, 'grace', 'Grace Lee', 'grace123', 'SUPPORT', CURRENT_TIMESTAMP),
    (10, 'harry', 'Harry Patel', 'harry123', 'MANAGER', CURRENT_TIMESTAMP),
    (11, 'irene', 'Irene Sharma', 'irene123', 'STAFF', CURRENT_TIMESTAMP),
    (12, 'jack', 'Jack Desai', 'jack123', 'ADMIN', CURRENT_TIMESTAMP),
    (13, 'kate', 'Kate Reddy', 'kate123', 'STAFF', CURRENT_TIMESTAMP),
    (14, 'leo', 'Leo Kapoor', 'leo123', 'SUPPORT', CURRENT_TIMESTAMP),
    (15, 'maya', 'Maya Singh', 'maya123', 'MANAGER', CURRENT_TIMESTAMP),
    (16, 'nina', 'Nina Dubey', 'nina123', 'STAFF', CURRENT_TIMESTAMP),
    (17, 'omar', 'Omar Naik', 'omar123', 'SUPPORT', CURRENT_TIMESTAMP),
    (18, 'paul', 'Paul Mathew', 'paul123', 'STAFF', CURRENT_TIMESTAMP),
    (19, 'queen', 'Queen Das', 'queen123', 'MANAGER', CURRENT_TIMESTAMP),
    (20, 'raj', 'Raj Bhatt', 'raj123', 'STAFF', CURRENT_TIMESTAMP);

-- Insert suppliers
INSERT INTO suppliers (supplier_id, supplier_name, contact_name, email, phone, address, created_at) VALUES
    (3, 'Global Traders', 'Sunil Mehta', 'sunil@globaltraders.com', 9876543212, 'Delhi, DL', CURRENT_TIMESTAMP),
    (4, 'Smart Electronics', 'Ravi Sharma', 'ravi@smartelectronics.com', 9876543213, 'Mumbai, MH', CURRENT_TIMESTAMP),
    (5, 'Furniture World', 'Anita Joshi', 'anita@furnitureworld.com', 9876543214, 'Chennai, TN', CURRENT_TIMESTAMP),
    (6, 'Books India', 'Neha Agarwal', 'neha@booksindia.com', 9876543215, 'Kolkata, WB', CURRENT_TIMESTAMP),
    (7, 'Toy Zone', 'Pritam Roy', 'pritam@toyzone.com', 9876543216, 'Nagpur, MH', CURRENT_TIMESTAMP),
    (8, 'Kitchen Mart', 'Sheetal Jain', 'sheetal@kitchenmart.com', 9876543217, 'Surat, GJ', CURRENT_TIMESTAMP),
    (9, 'Gadget House', 'Aman Sinha', 'aman@gadgethouse.com', 9876543218, 'Pune, MH', CURRENT_TIMESTAMP),
    (10, 'Fitness Hub', 'Rohit Tiwari', 'rohit@fitnesshub.com', 9876543219, 'Ahmedabad, GJ', CURRENT_TIMESTAMP),
    (11, 'Beauty Lane', 'Pooja Nair', 'pooja@beautylane.com', 9876543220, 'Lucknow, UP', CURRENT_TIMESTAMP),
    (12, 'Pet World', 'Tina Dsouza', 'tina@petworld.com', 9876543221, 'Indore, MP', CURRENT_TIMESTAMP),
    (13, 'Auto Needs', 'Devendra Jain', 'devendra@autoneeds.com', 9876543222, 'Jaipur, RJ', CURRENT_TIMESTAMP),
    (14, 'Music Stop', 'Rahul Chopra', 'rahul@musicstop.com', 9876543223, 'Bhopal, MP', CURRENT_TIMESTAMP),
    (15, 'Light Up', 'Sneha Rathi', 'sneha@lightup.com', 9876543224, 'Noida, UP', CURRENT_TIMESTAMP),
    (16, 'GameTime', 'Yash Arora', 'yash@gametime.com', 9876543225, 'Thane, MH', CURRENT_TIMESTAMP),
    (17, 'Garden Store', 'Krishna Pillai', 'krishna@gardenstore.com', 9876543226, 'Coimbatore, TN', CURRENT_TIMESTAMP),
    (18, 'OfficeKart', 'Meena Iyer', 'meena@officekart.com', 9876543227, 'Nashik, MH', CURRENT_TIMESTAMP),
    (19, 'BagPoint', 'Tarun Vyas', 'tarun@bagpoint.com', 9876543228, 'Amritsar, PB', CURRENT_TIMESTAMP),
    (20, 'GrocerTown', 'Kavita Kaur', 'kavita@grocertown.com', 9876543229, 'Patna, BR', CURRENT_TIMESTAMP);

-- Insert customers
INSERT INTO customers (customer_id, customer_name, customer_number) VALUES
    (3, 'Amit Shah', '9000000003'),
    (4, 'Geeta Rani', '9000000004'),
    (5, 'Vikram Joshi', '9000000005'),
    (6, 'Nisha Kumari', '9000000006'),
    (7, 'Manoj Verma', '9000000007'),
    (8, 'Pooja Das', '9000000008'),
    (9, 'Akash Mehra', '9000000009'),
    (10, 'Deepa Kumari', '9000000010'),
    (11, 'Imran Shaikh', '9000000011'),
    (12, 'Jyoti Rana', '9000000012'),
    (13, 'Karan Singh', '9000000013'),
    (14, 'Lata Joshi', '9000000014'),
    (15, 'Manish Patel', '9000000015'),
    (16, 'Neelam Desai', '9000000016'),
    (17, 'Omkar Yadav', '9000000017'),
    (18, 'Preeti Saxena', '9000000018'),
    (19, 'Rohan Mishra', '9000000019'),
    (20, 'Sneha Sharma', '9000000020');

-- Insert products
INSERT INTO product (product_id, product_name, categories_id, price, sku, quantity, created_at) VALUES
  (3, 'Nike Running Shoes', 4, 4500.00, 'SKU-NR-003', 15, CURRENT_TIMESTAMP),
  (4, 'Samsung Galaxy S21', 9, 70000.00, 'SKU-SG-004', 20, CURRENT_TIMESTAMP),
  (5, 'Sony Headphones', 1, 8000.00, 'SKU-SH-005', 30, CURRENT_TIMESTAMP),
  (6, 'Wooden Dining Table', 2, 25000.00, 'SKU-WDT-006', 5, CURRENT_TIMESTAMP),
  (7, 'Fiction Novel', 5, 500.00, 'SKU-FN-007', 100, CURRENT_TIMESTAMP),
  (8, 'Children Toy Set', 6, 1500.00, 'SKU-CTS-008', 50, CURRENT_TIMESTAMP),
  (9, 'Office Stationery Kit', 7, 1200.00, 'SKU-OSK-009', 200, CURRENT_TIMESTAMP),
  (10, 'Kitchen Mixer Grinder', 8, 3000.00, 'SKU-KMG-010', 40, CURRENT_TIMESTAMP),
  (11, 'Apple iPhone 13', 9, 80000.00, 'SKU-AI-011', 25, CURRENT_TIMESTAMP),
  (12, 'Fitness Tracker', 11, 2500.00, 'SKU-FT-012', 60, CURRENT_TIMESTAMP),
  (13, 'Lipstick Set', 12, 1500.00, 'SKU-LS-013', 80, CURRENT_TIMESTAMP),
  (14, 'Gold Necklace', 13, 50000.00, 'SKU-GN-014', 10, CURRENT_TIMESTAMP),
  (15, 'Gardening Tools Set', 14, 2000.00, 'SKU-GTS-015', 30, CURRENT_TIMESTAMP),
  (16, 'Car Seat Covers', 15, 3500.00, 'SKU-CSC-016', 20, CURRENT_TIMESTAMP),
  (17, 'Guitar', 16, 12000.00, 'SKU-GTR-017', 15, CURRENT_TIMESTAMP),
  (18, 'Dog Food Pack', 17, 800.00, 'SKU-DFP-018', 100, CURRENT_TIMESTAMP),
  (19, 'LED Bulb Pack', 18, 600.00, 'SKU-LBP-019', 150, CURRENT_TIMESTAMP),
  (20, 'Travel Backpack', 19, 3000.00, 'SKU-TB-020', 50, CURRENT_TIMESTAMP);

-- Insert purchases
INSERT INTO purchases (purchase_id, total_amount, created_at, supplier_id, received_by) VALUES
  (1, 110000.00, CURRENT_TIMESTAMP, 1, 1),
  (2, 24000.00, CURRENT_TIMESTAMP, 2, 3),
    (3, 104000.00, CURRENT_TIMESTAMP, 1, 4),
    (4, 1800.00, CURRENT_TIMESTAMP, 2, 5),
    (5, 3700.00, CURRENT_TIMESTAMP, 1, 6),
    (6, 5000.00, CURRENT_TIMESTAMP, 2, 7),
    (7, 13000.00, CURRENT_TIMESTAMP, 1, 8),
    (8, 21000.00, CURRENT_TIMESTAMP, 2, 9),
    (9, 4900.00, CURRENT_TIMESTAMP, 1, 10),
    (10, 1200.00, CURRENT_TIMESTAMP, 2, 11),
    (11, 19500.00, CURRENT_TIMESTAMP, 1, 12),
    (12, 9600.00, CURRENT_TIMESTAMP, 2, 13),
    (13, 1400.00, CURRENT_TIMESTAMP, 1, 14),
    (14, 17000.00, CURRENT_TIMESTAMP, 2, 15),
    (15, 7800.00, CURRENT_TIMESTAMP, 1, 16),
    (16, 22000.00, CURRENT_TIMESTAMP, 2, 17),
    (17, 3800.00, CURRENT_TIMESTAMP, 1, 18),
    (18, 3000.00, CURRENT_TIMESTAMP, 2, 19),
    (19, 18500.00, CURRENT_TIMESTAMP, 1, 20),
    (20, 8500.00, CURRENT_TIMESTAMP, 2, 3);

-- Insert purchase_item
INSERT INTO purchase_item (id, purchase_id, product_id, quantity, price) VALUES
  (1, 1, 1, 2, 55000.00),
   (2, 2, 3, 2, 12000.00),
    (3, 3, 5, 2, 52000.00),
    (4, 4, 7, 2, 900.00),
    (5, 5, 9, 3, 1200.00),
    (6, 6, 13, 2, 2500.00),
    (7, 7, 11, 1, 13000.00),
    (8, 8, 12, 2, 10500.00),
    (9, 9, 14, 1, 4900.00),
    (10, 10, 15, 5, 240.00),
    (11, 11, 16, 1, 19500.00),
    (12, 12, 17, 3, 3200.00),
    (13, 13, 18, 1, 1400.00),
    (14, 14, 19, 1, 17000.00),
    (15, 15, 6, 5, 1500.00),
    (16, 16, 4, 3, 7500.00),
    (17, 17, 8, 2, 1900.00),
    (18, 18, 10, 1, 3000.00),
    (19, 19, 20, 2, 9250.00),
    (20, 20, 9, 3, 2833.33);

-- Insert sales
INSERT INTO sales (sale_id, customer_id, created_at) VALUES
  (1, 1, CURRENT_TIMESTAMP),
  (2, 2, CURRENT_TIMESTAMP),
    (3, 3, CURRENT_TIMESTAMP),
    (4, 4, CURRENT_TIMESTAMP),
    (5, 5, CURRENT_TIMESTAMP),
    (6, 6, CURRENT_TIMESTAMP),
    (7, 7, CURRENT_TIMESTAMP),
    (8, 8, CURRENT_TIMESTAMP),
    (9, 9, CURRENT_TIMESTAMP),
    (10, 10, CURRENT_TIMESTAMP),
    (11, 11, CURRENT_TIMESTAMP),
    (12, 12, CURRENT_TIMESTAMP),
    (13, 13, CURRENT_TIMESTAMP),
    (14, 14, CURRENT_TIMESTAMP),
    (15, 15, CURRENT_TIMESTAMP),
    (16, 16, CURRENT_TIMESTAMP),
    (17, 17, CURRENT_TIMESTAMP),
    (18, 18, CURRENT_TIMESTAMP),
    (19, 19, CURRENT_TIMESTAMP),
    (20, 20, CURRENT_TIMESTAMP);

-- Insert sales_items
INSERT INTO sales_items (sales_item_id, sale_id, product_id, quantity) VALUES
  (1, 1, 1, 1),
  (2, 2, 3, 1),
    (3, 3, 4, 2),
    (4, 4, 5, 1),
    (5, 5, 6, 3),
    (6, 6, 7, 1),
    (7, 7, 8, 2),
    (8, 8, 9, 2),
    (9, 9, 10, 1),
    (10, 10, 11, 1),
    (11, 11, 12, 1),
    (12, 12, 13, 1),
    (13, 13, 14, 1),
    (14, 14, 15, 3),
    (15, 15, 16, 1),
    (16, 16, 17, 1),
    (17, 17, 18, 1),
    (18, 18, 19, 1),
    (19, 19, 20, 1),
    (20, 20, 7, 2);